1,Jess Ockwell,Mysore,63175,1468738078,3
2,Harvey Swayne,Vizag,54933,4469241526,5
3,Stacy Rabat,Chennai,53090,7926134453,5
4,Druci Hawkey,Hyderabad,75130,9208627454,4
5,Ninon Robinett,Mangalore,48810,9921539312,2
6,Jeremiah Dhennin,Vizag,65619,7206362349,3
7,North Pidcock,Hubli,77714,6379442766,1
8,Cord Kyneton,Vizag,46867,8111908755,4
9,Giuseppe Nannizzi,Hyderabad,56692,6712966357,4
10,Wildon Vango,Hyderabad,56155,1215719408,4
11,Claire MacFarlan,Chennai,89330,2102226212,5
12,Ingeborg Potten,Vizag,81281,7709884704,1
13,Earvin Kiera,Vizag,89352,4058993279,3
14,Glenn Yitzovitz,Vizag,81230,4174435762,1
15,Craggy Olivia,Pune,69518,7724046231,4
16,Chandler Callington,Mysore,87561,9858204628,2
17,Mirella Pachmann,Hubli,47809,8416700546,3
18,Dagny Franca,Mangalore,79426,1184466076,4
19,Dalton Lidbetter,Hyderabad,41168,4529461791,3
20,Corbet Baxstar,Shimoga,73535,4669374671,5
21,Lexine Stallion,Mangalore,60261,7466043735,3
22,Darcy McPeake,Vizag,69986,8769791706,2
23,Leanna Geater,Mysore,64905,9233179071,4
24,Cad Obin,Shimoga,57723,3209162535,4
25,Dermot Gosenell,Shimoga,52244,8081845056,5
26,Sallyanne Seville,Pune,61788,6706162148,5
27,Gill Robinson,Vizag,81071,8093920977,3
28,Erma Ivanenko,Pune,75123,2706257226,4
29,Melosa Birchall,Chennai,79393,9525370331,3
30,Latrina Trowel,Mangalore,44925,5683169666,3
31,Rheba Wisdom,Bangalore,70506,9474674753,5
32,Jerome Smetoun,Bangalore,68655,6156465535,5
33,Carmella Jeanin,Vizag,44985,2357093358,5
34,Britney Scown,Shimoga,58872,7346188808,3
35,Isadore Carnall,Bangalore,71863,1566626904,5
36,Karoline Hollyar,Mysore,44417,6117004963,3
37,Philly Lartice,Bangalore,73971,2305861855,3
38,Mavis Leaton,Mysore,80202,4501950951,2
39,Lexi Proud,Hubli,61307,6451075714,3
40,Dahlia Tonepohl,Vizag,66152,7695445001,2
41,Obie Bothram,Hubli,86160,2395372838,4
42,Dannie Koubek,Chennai,60784,5423664246,2
43,Anna-maria Chastand,Bangalore,58346,6205541305,2
44,Kain Ayliffe,Pune,69456,5277400557,5
45,Keeley Kennsley,Bangalore,82610,9928606852,2
46,Kamilah Kimbury,Mangalore,73979,4523649417,3
47,Philbert Slator,Hubli,68934,1138933255,2
48,Paulette Morde,Vizag,69617,3467511227,3
49,Barbee Pinilla,Vizag,54127,3591540949,3
50,Brigg Compford,Chennai,44334,4437915561,2
51,Rayshell Loisi,Hyderabad,52178,2591910838,3
52,Mozelle Rawsthorn,Hyderabad,80732,7322748813,2
53,Imogene Fowells,Mangalore,74860,1447105442,1
54,Cherri Binning,Hyderabad,72459,3231836128,5
55,Edgardo Whiston,Bangalore,73453,6195176399,1
56,Tandie McCroary,Chennai,43963,9527480968,1
57,Guillema Delaprelle,Hubli,81963,4262181039,1
58,Phyllida Standfield,Pune,44357,6349192990,2
59,Katrina Gathwaite,Vizag,50828,9604574932,3
60,Melita Seddon,Mangalore,87282,4887645169,2
61,Duke Challenger,Mangalore,89897,9966380922,3
62,Meagan Windrass,Shimoga,73729,8541999125,1
63,April Krojn,Vizag,79151,5446455597,2
64,Base Darcy,Hubli,48088,9836866389,2
65,Morena Lugg,Hubli,58050,9524188277,5
66,Agretha Poor,Mangalore,79925,2913966547,1
67,Vinny Djuricic,Chennai,85523,6859016711,5
68,Em Dew,Shimoga,50280,8202907008,2
69,Isabelita Vassbender,Chennai,45351,1885458600,2
70,Wynn Lingard,Mysore,51394,8071534054,1
71,Wilfred Telford,Shimoga,76401,1082789995,5
72,Tiffani MacCurlye,Shimoga,52010,7439883200,4
73,Vittoria Kits,Chennai,58378,9599411471,1
74,Clare Borrel,Hubli,89123,6285580716,4
75,Greer Korting,Hubli,75410,1592497332,1
76,Darnall Skedge,Vizag,64461,9005803766,4
77,Karalee Skedgell,Shimoga,54740,5866616455,2
78,Belia Ference,Pune,64862,1448306468,2
79,Arney Partener,Chennai,83416,6609388817,2
80,Christal Fuge,Mangalore,81027,8531089525,3
81,Zarla Welldrake,Vizag,64053,5413313438,1
82,Luelle Cassels,Vizag,64939,5799159942,3
83,Clemence Keynes,Bangalore,87211,2489534527,4
84,Corissa Overbury,Chennai,51259,6369795491,1
85,Kyle Clapham,Hyderabad,78233,8462607742,1
86,Federico Hobden,Mangalore,59279,4615964443,4
87,Hewie Fandrich,Bangalore,89745,7584529935,4
88,Kellia Quinnelly,Pune,72430,2772049011,2
89,Odie Champney,Hyderabad,81905,2483028145,3
90,Bellanca Kingcott,Hyderabad,54709,4662182706,2
91,Sergei Scritch,Vizag,67064,2738622834,3
92,Benedetto Dosdale,Shimoga,56553,2785148862,5
93,Denni Rolfe,Hyderabad,41011,4174198557,3
94,Sutton Stoke,Bangalore,45642,1901550696,2
95,Marget Lunn,Chennai,59263,4062950249,5
96,Freddi Pointin,Mangalore,68995,2265020774,2
97,Ivory Lording,Mangalore,85850,1935357517,1
98,Sadella Batrim,Mysore,63843,4258427400,2
99,Gypsy Endon,Shimoga,78391,6572154943,5
100,Brandy Curuclis,Vizag,57288,6257905499,4
101,Dasi Fraschetti,Shimoga,82866,9246015494,1
102,Jori Block,Bangalore,61545,2843979706,2
103,Adriana Gueste,Mangalore,68146,4368841854,1
104,Zackariah Canavan,Bangalore,72444,4495554057,3
105,Adah Severn,Pune,82035,5773881943,1
106,Matias Scopes,Vizag,59915,9184233226,3
107,Tamar Campaigne,Hyderabad,45937,1505680607,1
108,Kerwin Lantiff,Hubli,78095,3912971654,1
109,Maegan Harrington,Hubli,79465,5729689420,3
110,Christiana Rourke,Bangalore,69582,4373318325,5
111,Adara Stennett,Hubli,42960,2319389762,4
112,Albert Symondson,Vizag,55760,3107786451,4
113,Elia Mc Corley,Hubli,53146,5177432200,3
114,Amos Skellion,Mysore,74062,9056111834,3
115,Delbert Wiburn,Mysore,68299,9139163260,1
116,Trish Wilcox,Vizag,66710,8849244261,5
117,Brittne Guntrip,Hubli,66240,4046726035,3
118,Bendick Vigors,Mysore,87360,4529730394,3
119,Berky Duley,Bangalore,55608,5274503358,5
120,Emera Wyer,Bangalore,44667,7931414607,5
121,Cathlene Stanluck,Vizag,79879,1845550069,4
122,Thorsten Josifovitz,Hubli,55446,4966594158,5
123,Tasha Dowthwaite,Chennai,49823,7156137171,3
124,Nathan Burkin,Bangalore,80634,5037409011,5
125,Dalia Hurch,Shimoga,82915,9854767140,4
126,Bethanne Paunsford,Shimoga,59934,3729432062,3
127,Dora Plank,Pune,44450,9433842541,2
128,Niel Brooking,Shimoga,53709,1131505568,1
129,Sybila Wickman,Hyderabad,63518,7267617283,1
130,Arluene Valentinetti,Mysore,72030,4625476849,4
131,Ansley Brigginshaw,Shimoga,79877,7895819522,5
132,Austen Newlyn,Mangalore,64465,7429315097,3
133,Engelbert Mowbray,Vizag,56605,6068156009,2
134,Vikki Pescud,Mysore,60937,8717660508,3
135,Alfie Huet,Chennai,77340,1288409493,4
136,Catrina Labbez,Mysore,52704,3913008994,4
137,Vasily Penketh,Vizag,87527,2377803870,5
138,Kellby Grevel,Shimoga,49905,2437820755,1
139,Ethelda Schaffel,Hyderabad,66173,3777960765,2
140,Kristopher Krolik,Hyderabad,57044,8456568094,4
141,Collin Abramino,Hyderabad,62456,6103833564,4
142,Muriel Kohtler,Hubli,55323,2499758908,3
143,Morgun Bachmann,Mangalore,68752,2372776769,4
144,Lin Norcock,Mysore,83258,3383915607,4
145,Aguie Koba,Shimoga,52289,4294533818,5
146,Sabrina Dunklee,Pune,70717,1332431149,3
147,Nappie Alliston,Pune,67691,8854745048,4
148,Ericka Ruperti,Pune,50798,1935533219,1
149,Bernete Cherry,Pune,57430,1608768151,5
150,Carolee Jaquiss,Pune,74688,7353719105,1
151,Conrad Feander,Vizag,60394,7711098285,2
152,Mollee Hritzko,Mangalore,80675,7096786983,4
153,Thacher Hindhaugh,Hubli,68498,8418268179,4
154,Liana Varsey,Chennai,50264,9847487414,5
155,Phoebe Milkins,Vizag,78562,3277248089,4
156,Cilka Bruinsma,Mysore,63374,2549914141,4
157,Hali Lidbetter,Chennai,63491,3706543381,3
158,Willi Boland,Bangalore,88807,4859213156,1
159,Sherwynd Emanuele,Mangalore,44398,7509948534,5
160,Marci Buck,Chennai,60991,2537351154,5
161,Kyle Domico,Mangalore,77813,6604339296,3
162,Timotheus Duffie,Vizag,89964,8995729661,5
163,Dorine Sinderland,Mysore,66243,9343507833,5
164,Benedetto Stansall,Hyderabad,47813,6601585374,1
165,Jess Wayper,Chennai,75030,6093570319,5
166,Cordelie Raleston,Pune,71782,5968021200,4
167,Brice Balam,Mangalore,75619,8034141810,2
168,Maddy Isgar,Pune,48062,5643225878,1
169,Guido Kuhnel,Pune,59883,8943725477,3
170,Gaye Narbett,Hubli,78449,6007522820,3
171,Brody Measey,Mysore,86159,6679243056,5
172,Engelbert Witul,Hyderabad,50670,4037727194,2
173,Steven Middlemist,Bangalore,65521,9928597692,2
174,Constance Madre,Mysore,43518,2028139939,4
175,Hakim Eddleston,Pune,76695,4851929454,3
176,Darcee Bosomworth,Bangalore,59742,8105969781,2
177,Ransom Punchard,Shimoga,79891,4171054870,4
178,Ossie Spleving,Chennai,57205,5444465782,2
179,Fifine Hurlston,Vizag,75102,9915948284,3
180,Gerri Donnachie,Mangalore,85049,4947001646,4
181,Nikki Coulthard,Vizag,45969,5732096446,3
182,Waylen Crab,Mysore,62758,1861770202,3
183,Nikolaus Polamontayne,Mysore,53090,8228782303,2
184,Lettie Willars,Vizag,41128,6358027822,1
185,Erinn Bounds,Mangalore,87464,2824980726,3
186,Bertina Bonaire,Vizag,55321,7428448988,1
187,Rogerio Gamell,Chennai,54677,5527253338,3
188,Burtie Barks,Chennai,55505,2812397555,4
189,Leyla Andras,Pune,86886,9028897400,1
190,Gwendolen Thiese,Bangalore,43897,4791693668,4
191,Armand Hrishanok,Mysore,66383,2784841553,1
192,Elfrieda Gainor,Pune,88970,5142188245,4
193,Loydie Borleace,Mysore,89242,5988935253,5
194,Gaylor Blune,Mangalore,66192,9913487004,3
195,Herta Goldsberry,Mysore,44268,3077860766,4
196,Ellsworth Fulun,Vizag,41583,6423492823,1
197,Datha Hardage,Pune,77795,9004609636,1
198,Kira Ramme,Hyderabad,82800,7847102326,4
199,Kent Francis,Shimoga,60970,8088984561,4
200,Edythe Cometson,Mysore,83761,2718936070,3
201,Shayla Ferney,Pune,43011,2864674262,2
202,Valerie Livingstone,Mangalore,49284,2819913468,2
203,Cody Capener,Bangalore,62024,6807808351,2
204,Lars Sprowell,Hyderabad,77220,6356999003,3
205,Siusan Rew,Mysore,45192,9427670933,5
206,Sammy Langton,Shimoga,59302,9705795336,5
207,Linnea Wesson,Pune,59900,4681348316,5
208,Jenelle Gaylard,Hyderabad,49114,1621506037,3
209,Blake Eliet,Hyderabad,75972,7935392397,1
210,Spenser Tethcote,Shimoga,40096,4541533419,5
211,Veradis Abrahami,Chennai,48789,9391980416,4
212,Pip Sothern,Vizag,82332,2868554223,1
213,Aileen Pietrowicz,Pune,45478,6405248234,1
214,Werner Allam,Shimoga,66075,9304976778,4
215,Aurie Hryniewicz,Chennai,50403,2907222333,5
216,Jessey Kimberly,Pune,64558,3347928681,5
217,Cecilio Sheringham,Hyderabad,43393,7388209878,1
218,Everard Tharme,Mysore,88956,1953780088,5
219,Arden Renshaw,Mysore,73257,4614844984,2
220,Jasmina Stavers,Mysore,67521,6765239198,3
221,Queenie Ivasechko,Mangalore,70156,3588033778,3
222,Jordan Risdale,Mangalore,46958,5953440556,5
223,Tani Leguey,Mysore,70202,7345756203,3
224,Gena Olner,Pune,58876,4585468405,3
225,Roseann Lethebridge,Vizag,75766,7239018398,4
226,Lenee Walas,Mysore,66716,6673096980,5
227,Don Winspare,Vizag,53285,8954503539,4
228,Jami Cloonan,Vizag,70261,5916525316,1
229,Fairlie Durbann,Chennai,51502,1523256979,1
230,Ed Hudspith,Shimoga,50925,3685332661,5
231,Portie Beckett,Hubli,88441,1828170103,2
232,Roma Dockree,Bangalore,42056,5119345732,4
233,Tuck Chestney,Hyderabad,42034,3063431186,2
234,Rutger Paulitschke,Chennai,51404,2037401993,2
235,Annabal Sommerly,Mangalore,72132,6165768459,4
236,Hoebart Crass,Vizag,71955,9724891965,1
237,Romy Sirett,Vizag,54791,5993396405,2
238,Charis Tilbury,Mysore,65977,2804917255,4
239,Kissie Stobbart,Hubli,88907,2452575944,5
240,Rick Neate,Chennai,63931,4926825565,4
241,Raynor Ather,Pune,73065,4013678761,4
242,Leandra Ewols,Chennai,65565,7304572800,4
243,Rivy Bewshire,Pune,60147,3354804462,3
244,Jinny Waye,Mangalore,75028,7396529919,4
245,Rhonda Measham,Shimoga,73023,6453324130,1
246,Ashlen Lawdham,Mangalore,71519,1534027367,2
247,Rowen Brinkler,Vizag,52833,9877042923,2
248,Bram Delort,Hyderabad,67534,6788001518,5
249,Caitrin Kobisch,Chennai,80738,1518899013,4
250,Kathye Kidgell,Pune,82164,4142455348,3
